{"cameraMode":{"drawMode":0,"name":"Shaded","section":"Shading Mode"},"sceneLighting":true,"audioPlay":false,"sceneViewState":{"m_AlwaysRefresh":false,"showFog":true,"showSkybox":true,"showFlares":true,"showImageEffects":true,"showParticleSystems":true,"showVisualEffectGraphs":true,"m_FxEnabled":true},"in2DMode":false,"pivot":{"x":1.329054832458496,"y":706.8052368164063,"z":-1402.426025390625},"rotation":{"x":0.21725121140480042,"y":0.004979907535016537,"z":-0.0011082523269578815,"w":0.9761032462120056},"size":195.37399291992188,"orthographic":false}